{
  "name": "VariantEncumbrance",
  "title": "Variant Encumbrance",
  "description": "A module for D&D 5th Edition, to automatically modify character carry weights to match the Variant Encumbrance optional rule set.",
  "systems": [
    "dnd5e"
  ],
  "version": "0.3.2",
  "author": "Vanir#0001 (discord)",
  "esmodules": [
    "VariantEncumbrance.js"
  ],
  "styles": [
    "VariantEncumbrance.css"
  ],
  "minimumCoreVersion": "0.7.7",
  "compatibleCoreVersion": "0.7.9",
  "url": "https://github.com/VanirDev/VariantEncumbrance",
  "manifest": "https://raw.githubusercontent.com/VanirDev/VariantEncumbrance/master/dist/module.json",
  "download": "https://github.com/VanirDev/VariantEncumbrance/raw/master/VariantEncumbrance.zip"
}