{
  "name": "VariantEncumbrance",
  "title": "Variant Encumbrance",
  "description": "A module for D&D 5th Edition, to automatically modify character carry weights to match the Variant Encumbrance optional rule set.",
  "systems": [],
  "version": "0.1.0",
  "author": "Vanir",
  "authors": [
    {
      "name": "Vanir",
      "email": "vvanir@gmail.com",
      "url": "http://twitter.com/vanir112"
    }
  ],
  "scripts": [],
  "esmodules": [
    "VariantEncumbrance.js"
  ],
  "styles": [
    "VariantEncumbrance.css"
  ],
  "packs": [],
  "languages": [],
  "minimumCoreVersion": "0.5.0",
  "compatibleCoreVersion": "0.5.0",
  "url": "",
  "manifest": "",
  "download": "",
  "license": "",
  "readme": "",
  "bugs": "",
  "changelog": ""
}