{
  "name": "VariantEncumbrance",
  "title": "Variant Encumbrance+Midi",
  "description": "A module for D&D 5th Edition, to automatically modify character carry weights to match the Variant Encumbrance optional rule set.",
  "version": "0.4.5",
  "author": "Vanir#0001 (discord), 47Y, p4535992",
  "type": "module",
  "socket": true,
  "includes": [
    "./assets/**",
    "./lang/**",
    "./scripts/**",
    "./styles/**",
    "./templates/**",
    "./module.json",
    "./README.md",
    "./icons/**",
    "./packs/**"
  ],
  "media": [
    {
      "type": "icon",
      "location": ""
    },
    {
      "type": "cover",
      "location": ""
    },
    {
      "type": "screenshot",
      "location": ""
    }
  ],
  "languages": [
    {
      "lang": "en",
      "name": "English",
      "path": "lang/en.json"
    }
  ],
  "systems": ["dnd5e"],
  "esmodules": ["VariantEncumbrance.js"],
  "styles": ["styles/VariantEncumbrance.css"],
  "minimumCoreVersion": "0.7.10",
  "compatibleCoreVersion": "0.8.9",
  "url": "https://github.com/VanirDev/VariantEncumbrance",
  "manifest": "https://raw.githubusercontent.com/VanirDev/VariantEncumbrance/master/src/module.json",
  "download": "https://raw.githubusercontent.com/VanirDev/VariantEncumbrance/master/package/VariantEncumbrance-v0.4.5.zip",
  "changelog": "https://raw.githubusercontent.com/VanirDev/VariantEncumbrance/master/changelog.md",
  "bugs": "https://github.com/VanirDev/VariantEncumbrance/issues",
  "allowBugReporter": true,
  "manifestPlusVersion": "1.2.0",
  "dependencies": [
    {
      "name": "lib-wrapper"
    }
  ]
}
